Value 1,Result, 
51,7.14142843,
972,31.17691454,
570,23.87467277,
881,29.68164416,
540,23.23790008,
368,19.1833261,
17,4.12310563,
245,15.6524758,
90,9.48683298,
732,27.0554985,
3,1.73205081,
292,17.0880075,
53,7.28010989,
925,30.4138127,
323,17.9722008,
4,2,
632,25.1396102,
809,28.4429253,